{
    "gaming": [
      {
        
        "name": "LIGHT WEIGHT BABYYY",
        "theme_desc":"Геймерский ПК - это мощная игровая машина, созданная специально для истинных геймеров. Он обеспечивает потрясающую производительность и визуальные впечатления, позволяя вам погрузиться в мир игр с высокой детализацией и скоростью.",
        "processor": "Intel Core i9-13900K",
        "processorCores": "24",
        "processorClockSpeed": "3.0 GHz",
        "graphicsCard": "Asus TUF RTX 4080",
        "graphicsCardVRAM": "16 GB GDDR6X",
        "memoryType": "DDR5",
        "memorySize": "32 GB",
        "storageType": "SSD + HDD",
        "storageSize": "2 TB + 4TB",
        "caseDimensions": "230 x 478 x 493 mm",
        "motherboardModel": "MSI Z790 TOMAHAWK",
        "motherboardFeatures": "Wi-Fi, Bluetooth, RGB lighting",
        "powerSupplyModel": "Corsair RM850e",
        "powerSupplyWattage": "850W",
        "price": "2700$",
        "pic":"gaming1"
      },
      {
        "name": "POWEEER",
        "processor": "AMD Ryzen 7800X3D",
        "processorCores": "8",
        "processorClockSpeed": "4.2 GHz",
        "graphicsCard": "Asus TUF RTX 4070 TI",
        "graphicsCardVRAM": "12 GB GDDR6X",
        "memoryType": "DDR5",
        "memorySize": "32 GB",
        "storageType": "SSD",
        "storageSize": "2 TB",
        "caseDimensions": "210 x 416 x 477 mm",
        "motherboardModel": "Gigabyte B650",
        "motherboardFeatures": "RGB lighting",
        "powerSupplyModel": "Corsair RM750e",
        "powerSupplyWattage": "750W",
        "price": "1900$",
        "pic":"gaming2"
      },
      {
        "name": "DREAM",
        "processor": "AMD Ryzen 5 7600",
        "processorCores": "6",
        "processorClockSpeed": "3.8 GHz",
        "graphicsCard": "Gigabyte EAGLE RTX 4060",
        "graphicsCardVRAM": "8 GB GDDR6X",
        "memoryType": "DDR5",
        "memorySize": "16 GB",
        "storageType": "SSD + HDD",
        "storageSize": "512 GB + 2 TB",
        "caseDimensions": "210 x 475 x 430 mm",
        "motherboardModel": "ASRock B650",
        "motherboardFeatures": "WiFi,RGB lighting",
        "powerSupplyModel": "Corsair RM700e",
        "powerSupplyWattage": "700W",
        "price": "1100$",
        "pic":"gaming3"
      }
    ],
    "work": [
      {
            "name": "Work beast",
            "theme_desc":"Рабочий ПК предназначен для эффективной работы в офисе, дома и учебе. Он обеспечивает стабильную производительность для выполнения рабочих задач, таких как офисные приложения, обработка документов и управление проектами.",
            "processor": "Ryzen 9 7950X",
            "processorCores": "16",
            "processorClockSpeed": "4.5 GHz",
            "graphicsCard": "NVIDIA GeForce RTX 4090",
            "graphicsCardVRAM": "24 GB GDDR6X",
            "memoryType": "DDR5",
            "memorySize": "64 GB",
            "storageType": "SSD + HDD",
            "storageSize": "2 TB + 22 TB",
            "caseDimensions": "210 x 475 x 430 mm",
            "motherboardModel": "MSI X670 TOMAHAWK",
            "motherboardFeatures": "Wi-Fi, Bluetooth, RGB lighting",
            "powerSupplyModel": "SeaSonic PRIME TX 1000",
            "powerSupplyWattage": "1000W",
            "price": "3800$",
            "pic":"work1"
          },
          {
            "name": "Computing conquerer",
            "processor": "Ryzen 7 7800X3D",
            "processorCores": "8",
            "processorClockSpeed": "4.2 GHz",
            "graphicsCard": "XFX Speedster RX 7900 XTX",
            "graphicsCardVRAM": "24 GB GDDR6X",
            "memoryType": "DDR5",
            "memorySize": "32 GB",
            "storageType": "SSD + HDD",
            "storageSize": "1 TB + 8 TB",
            "caseDimensions": "210 x 475 x 430 mm",
            "motherboardModel": "ASUS ROG Strix B650-A",
            "motherboardFeatures": "Wi-Fi, Bluetooth, RGB lighting",
            "powerSupplyModel": "be quite! Straight Power 12 850W",
            "powerSupplyWattage": "850W",
            "price": "2300$",
            "pic":"work2"
          },
          {
            "name": "Performance predator",
            "processor": "AMD Ryzen 7 5800",
            "processorCores": "8",
            "processorClockSpeed": "3.8 GHz",
            "graphicsCard": "NVIDIA GeForce RTX 4070",
            "graphicsCardVRAM": "12 GB GDDR6X",
            "memoryType": "DDR4",
            "memorySize": "64 GB",
            "storageType": "SSD + HDD",
            "storageSize": "512 GB + 2 TB",
            "caseDimensions": "210 x 475 x 430 mm",
            "motherboardModel": "ASUS PRIME B550",
            "motherboardFeatures": "Wi-Fi, Bluetooth, RGB lighting",
            "powerSupplyModel": "Corsair RM750e",
            "powerSupplyWattage": "750W",
            "price": "1450$",
            "pic":"work3"
          }
    ],
    "study": [
      {
        "name": "Study + chill",
        "theme_desc":"Профессиональный Рабочий ПК спроектирован для выполнения ресурсоемких задач, таких как 3D-моделирование, видеомонтаж, архитектурное проектирование и другие профессиональные творческие и инженерные проекты. Эта машина обеспечивает выдающуюся производительность и надежность, чтобы вы могли воплощать свои идеи в жизнь.",
        "processor": "Intel Core i5-13400F",
        "processorCores": "10",
        "processorClockSpeed": "2.5 GHz",
        "graphicsCard": "MSI RTX 4060",
        "graphicsCardVRAM": "8 GB GDDR6X",
        "memoryType": "DDR5",
        "memorySize": "16 GB",
        "storageType": "SSD",
        "storageSize": "2 TB",
        "caseDimensions": "210 x 475 x 430 mm",
        "motherboardModel": "ASUS ROG Strix 760-M",
        "motherboardFeatures": "Wi-Fi, Bluetooth, RGB lighting",
        "powerSupplyModel": "Corsair RM650m",
        "powerSupplyWattage": "650W",
        "price": "1000$",
        "pic":"study1"
      },
      {
        "name": "Good fodda",
        "processor": "AMD Ryzen 5 5600",
        "processorCores": "6",
        "processorClockSpeed": "3.5 GHz",
        "graphicsCard": "Asus Dual oc RTX 4060",
        "graphicsCardVRAM": "8 GB GDDR6X",
        "memoryType": "DDR4",
        "memorySize": "16 GB",
        "storageType": "SSD",
        "storageSize": "1 TB",
        "caseDimensions": "210 x 475 x 430 mm",
        "motherboardModel": "Gigabyte B550M",
        "motherboardFeatures": "RGB lighting",
        "powerSupplyModel": "Corsair RM650m",
        "powerSupplyWattage": "650W",
        "price": "800$",
        "pic":"study2"
      },
      {
        "name": "Grind",
        "processor": "AMD Ryzen 5 5600G",
        "processorCores": "6",
        "processorClockSpeed": "3.5 GHz",
        "graphicsCard": "Radeon Vega 7",
        "graphicsCardVRAM": "-",
        "memoryType": "DDR4",
        "memorySize": "16 GB",
        "storageType": "SSD",
        "storageSize": "1 TB",
        "caseDimensions": "210 x 475 x 430 mm",
        "motherboardModel": "ASRock B550M",
        "motherboardFeatures": "RGB lighting",
        "powerSupplyModel": "Apevia Galaxy 650",
        "powerSupplyWattage": "650W",
        "price": "450$",
        "pic":"study3"
      }
    ]
  }